product_id,category,name
1026,things,ring
1083,instru,Trombone
1092,things,bottle
1126,things,rug
1194,clothes,Tights
1200,flowers,Day Lily
1201,flowers,Broom
1240,things,charger
1255,things,truck
1266,clothes,Fleece
1294,things,watch
1324,instru,Piccolo
1365,flowers,Grape Hyacinth
1383,clothes,Gown
1401,flowers,Aster
1430,flowers,Rose of Sharon
1472,things,flowers
1485,clothes,Waistcoat
1498,flowers,New Guinea impatien
1507,things,headphones
1511,flowers,Bellflower
1562,clothes,Shorts
1629,things,blanket
1685,clothes,Sunglasses
1690,instru,Flute
1692,flowers,Primrose
1753,things,ipod
1769,things,plastic fork
1779,flowers,Crocus
1807,things,candle
1820,things,carrots
1923,instru,Snare Drum
1945,flowers,Impatien
2036,clothes,Blouse
2051,flowers,Geranium
2079,clothes,Top
2089,clothes,Tie
2106,flowers,Gas Plant
2115,flowers,Trumpet Vine
2133,flowers,Dahlia
2133,flowers,Astilbe
2156,flowers,Camellia
2165,flowers,Butterfly Bush
2182,flowers,Yarrow
2206,flowers,Chrysanthemum
2208,flowers,Coreopsis
2208,things,purse
2235,instru,Bamboo Flute
2293,flowers,Lamium
2321,things,eraser
2387,things,mirror
2410,instru,Oboe
2427,things,cat
2437,flowers,Lily-of-the-Valley
2457,instru,Violin
2482,clothes,Shawl
2501,flowers,Nicotiana
2502,flowers,Morning Glory
2503,clothes,Briefs
2517,flowers,Snap Dragon
2526,flowers,Salvia
2531,things,eye liner
2558,flowers,Passion Flower
2564,flowers,Coneflower
2574,things,needle
2602,instru,Symbols
2629,flowers,Allium
2647,things,hanger
2745,flowers,Globeflower
2785,instru,Piano
2839,things,nail file
2845,things,lip gloss
2847,flowers,Sedum
2916,instru,Maracas
2924,instru,Tambourine
2924,flowers,Cosmos
2949,clothes,Suit
2951,clothes,Swimming Shorts
2966,things,washing machine
3066,clothes,Poncho
3103,things,lamp
3106,flowers,Hybrid Tea Roses
3144,clothes,Bra
3148,things,blouse
3182,things,checkbook
3225,things,mop
3265,flowers,Moon Flower
3274,things,greeting card
3279,instru,French Horn
3371,clothes,Tankini
3384,things,CD
3413,flowers,Snowball bush
3429,things,paint brush
3433,flowers,Honeysuckle
3491,flowers,Kerria
3525,clothes,Overalls
3623,flowers,Shasta Daisy
3644,flowers,Lavender
3696,things,thread
3730,flowers,Hardy Geranium
3755,things,cork
3756,things,bread
3787,flowers,Wisteria
3810,flowers,Loosestrife
3823,things,shirt
3904,flowers,Marigold
3905,clothes,Polo Shirt
3967,flowers,Hyacinth
3980,flowers,Lobelia
4002,flowers,Gladiolus
4039,instru,Turntables
4128,things,apple
4162,flowers,Hosta
4305,flowers,Jupiterâ€™s Beard
4317,instru,Bagpipes
4325,clothes,Jacket
4332,clothes,Kilt
4346,things,chapter book
4378,flowers,Bougainvillea
4402,things,box
4470,instru,Steel Pan
4500,instru,Drums
4502,things,glass
4503,things,vase
4531,instru,Harmonica
4532,clothes,Bow Tie
4534,things,chair
4553,clothes,Pajamas
4568,things,shovel
4594,instru,Crystal Glasses
4639,things,toilet
4673,clothes,Shoes
4776,things,knife
4808,flowers,Alyssum
4819,instru,Kazoo
4822,things,television
4831,things,money
4880,flowers,Balloon Flower
4922,clothes,Jogging Suit
5007,clothes,Sarong
5122,flowers,Narcissus
5187,flowers,Hollyhock
5211,things,chocolate
5250,clothes,Bikini
5265,things,sailboat
5338,things,floor
5341,things,hair brush
5343,instru,Acoustic Guitar
5402,flowers,Iris
5422,instru,Harp
5438,things,doll
5453,things,socks
5478,things,pen
5483,flowers,Coral Bells
5495,flowers,Mock Orange
5517,flowers,Scabiosa
5559,things,buckle
5583,instru,Whistle
5652,flowers,Catmint
5677,clothes,Boxers
5725,flowers,Vinca
5731,clothes,Scarf
5829,things,pants
5903,flowers,Cyclamen
5975,things,screw
5984,clothes,Cravat
6008,instru,Recorder
6009,things,scotch tape
6021,flowers,Pinks
6104,flowers,Poppy
6118,clothes,Tracksuit
6118,flowers,Snowdrops
6151,flowers,Petunias
6182,instru,Vibraphone
6184,flowers,Gayfeather
6195,things,stockings
6227,flowers,Anemone
6238,clothes,Belt
6331,instru,Voice
6337,instru,Cowbell
6349,instru,Viola
6356,clothes,Lingerie
6373,instru,Saxophone
6419,instru,Accordion
6445,instru,Clarinet
6451,clothes,Jeans
6453,things,coasters
6499,things,deodorant
6530,things,soy sauce packet
6559,things,zipper
6601,flowers,Shrub Roses
6610,things,spoon
6630,flowers,Blanketflower
6670,instru,Tuba
6697,things,toe ring
6738,clothes,T-Shirt
6764,things,camera
6764,things,boom box
6797,clothes,Sandals
6836,flowers,Larkspur
6881,things,mp3 player
6886,flowers,Clematis
6900,things,glow stick
6917,clothes,Dress
7064,things,book
7079,flowers,Delphinium
7097,instru,Bongos
7141,clothes,Sweatshirt
7177,instru,Spoons
7177,instru,Ukulele
7187,flowers,Bee Balm
7207,things,keyboard
7273,things,piano
7274,things,helmet
7276,instru,Xylophone
7279,clothes,Socks
7292,instru,Trumpet
7324,things,window
7382,instru,Bells
7427,clothes,Gloves
7457,flowers,Nasturtium
7493,clothes,Camisole
7537,instru,Bass Guitar
7548,things,flag
7548,instru,Stylophone
7586,instru,Shakers
7593,things,toothbrush
7600,flowers,Scilla
7620,things,house
7644,clothes,Coat
7762,things,shampoo
7793,flowers,Peony
7829,clothes,Nightgown
7881,flowers,Lilac
7906,flowers,Oleander
7926,flowers,Tulip
7973,clothes,Dinner Jacket
8004,things,rusty nail
8008,clothes,Corset
8013,things,food
8018,clothes,Robe
8021,instru,Organ
8131,clothes,Hoody
8201,things,beef
8202,flowers,Bleeding Heart
8202,things,paper
8216,clothes,Slippers
8224,clothes,Cargos
8250,flowers,Foxglove
8261,things,tooth picks
8302,flowers,Butterfly Weed
8328,things,rubber band
8353,instru,Ocarina
8376,things,car
8396,clothes,Boots
8493,things,controller
8524,things,model car
8526,flowers,Lantana
8575,things,rubber duck
8583,clothes,Skirt
8587,clothes,Cardigan
8589,clothes,Stockings
8632,instru,Triangle
8703,instru,Steel Drums
8711,clothes,Underwear
8774,things,drawer
8838,things,shoes
8857,things,sponge
8985,things,bottle cap
8996,flowers,Bachelor Button
8998,things,drill press
9013,instru,Banjo
9030,flowers,Artemisia
9037,things,button
9062,instru,Vocals
9081,clothes,Shirt
9083,instru,Wooden Flute
9088,flowers,Rhododendron
9111,things,bowl
9139,instru,Slide Whistle
9165,things,conditioner
9187,clothes,Knickers
9215,things,shoe lace
9332,instru,Keyboard
9367,flowers,Columbine
9371,clothes,Thong
9426,instru,Guitar
9484,flowers,Lupine
9508,flowers,Sweet Pea
9574,clothes,Cummerbund
9638,clothes,Cufflinks
9666,flowers,Silver Lace Vine
9715,clothes,Blazer
9727,clothes,Hat
9731,things,perfume
9749,instru,Zither
9785,flowers,Hydrangea
9785,things,credit card
9800,clothes,Swimwear
9850,things,newspaper
9869,things,fridge
9898,instru,Fiddle
9955,flowers,Pansy
9997,things,towel
